Eingabe; Laufzeit [s]
1;1.339625
2;1.41228333333333
3;1.57365
4;2.14253333333333
